Tiktoker name,Tiktok name,Subscribers,Views avg.,Likes avg.,Comments avg.,Shares avg.
jypestraykids,Stray Kids,13.8M,6.4M,2.3M,50.2K,34.2K
khaby.lame,Khabane lame,149.2M,17.3M,2.3M,15.2K,8.7K
scarlettsspam2,scarlett,2.1M,17.9M,845.8K,53.9K,6.3K
addisonre,Addison Rae,88.7M,22M,906.6K,7.6K,26.2K
belindatok,Belinda,4.8M,14.2M,1.5M,14.5K,15.3K
onwardwanna,Wannaü•ä,7.5M,12M,2M,20.4K,4.2K
therock,The Rock,55.4M,13.1M,1.5M,14.3K,11.9K
bizarrap,bzrp,5.8M,16.2M,2.7M,4.2K,6.9K
landonbarkerr,Landon Barker,3.8M,11.7M,1.2M,19.1K,15.2K
mrbeast,MrBeast,42.2M,13M,1.7M,17.2K,2.1K
charlidamelio,charli d‚Äôamelio,146.2M,15.2M,959.4K,20.8K,4.6K
amauryguichon,Amaury Guichon,14.5M,11.4M,1.5M,7.2K,11.8K
jetbentlee,Jet,3.9M,12.4M,2.2M,3.6K,6.6K
kervo.dolo,Kervo.dolo,10.3M,5.7M,1.3M,7.9K,27.6K
ttdramanews,TT Drama Layla,856.3K,6.1M,1.1M,16.6K,17.7K
mishayoung,–ú–∏—à–∞ –ì–æ—Ä–æ–¥–µ—Ü–∫–∏–π üá∫üá¶,4M,10.8M,680K,5.7K,22.5K
domelipa,domelipa,58.1M,10.4M,1.5M,9.1K,3.5K
kyliejenner,Kylie Jenner,47M,12.3M,1.9M,5.5K,2.6K
enhypen,enhypen,12.7M,4.3M,1.1M,24.8K,14.3K
kimberly.loaiza,Kimberly Loaiza,67.2M,8.8M,1.2M,12.1K,4.3K
ramonvitor,ramonvitor,8.7M,9.3M,1.9M,7.3K,2.4K
txt.bighitent,TOMORROW X TOGETHER,18.1M,3.8M,1.1M,27.4K,9.5K
emraynea,emraynea,1.1M,5.1M,1.4M,6.6K,13.5K
bp_tiktok,blackpinkofficial,31.2M,4.5M,839.6K,13.9K,22.2K
mtarek.official3,Mohamed Tarek - ŸÖÿ≠ŸÖÿØ ÿ∑ÿßÿ±ŸÇ,1.3M,4.7M,864.2K,21.9K,8K
zeth,Zeth,13M,8.5M,1.7M,2.2K,6.2K
kurtsworld,Kurt Kunkle,1.3M,4.9M,685.9K,30.1K,3.3K
joshtgodfrey,Josh Godfrey,285.5K,6.4M,587.6K,12.8K,16.3K
justinflom,JustinFlom,6.1M,12.9M,789.2K,4.5K,6.2K
williesalim,WILLIE SALIM,15.5M,8.1M,589.2K,17.4K,5.4K
rosalia,La Rosalia,25.5M,14.2M,1.2M,3.3K,2.6K
birovr,Biro,3M,6.4M,760.9K,6.1K,14.3K
kiet.ac.quy,Ki·ªát ·∫Æk W·ª∑,3.3M,5.2M,842.2K,12.3K,8.5K
threedotcorey,corey,4.9M,6.3M,1.4M,2.9K,7.1K
iamferv,Fernanda,31.5M,6.6M,962.3K,10K,3.9K
winnermaxyt,WinnerMax,4.5M,13.8M,1M,1.8K,4.5K
devankey,Devan Key,8M,6.9M,976.2K,8.6K,3.7K
yunggravy,Yung Gravy üçØ,6.6M,9.5M,1.4M,3.5K,2.7K
siscakohl,Sisca Kohl,12.4M,9.2M,1.1M,6.2K,1.8K
lexibrookerivera,Lexi Rivera,23.2M,7.5M,992.5K,8.5K,1.8K
leith1423,Leithal,1.1M,7.9M,1.3M,3.8K,3.2K
imeyhou,Meyden,3M,9M,799.5K,8K,1.6K
b.blek,b.blek,2.6M,8M,616.7K,6.4K,7.4K
mc.pedrinhoofc,Mc Pedrinho,5M,8.2M,1.2M,5K,2K
jennmelon,Jenn Melon,2.2M,5.5M,1.4M,3.8K,4.9K
nilered,NileRed,10.3M,6M,1M,4.4K,6.3K
zhangxi_acupuntura,doctor Zhang Xi,2.9M,7M,378.5K,1.5K,22.5K
pongamoslo_a_prueba,Pong√°moslo a Prueba,36.7M,9.3M,1.6M,2.3K,2K
itsmacdoogle,ItsMacDoogle,1.8M,3.9M,685.9K,10.1K,13K
jesusnalgas,jesus_nalgas,2.6M,5M,970.1K,6K,6K
notemmamarie,Em,493.9K,4.4M,775.2K,9.1K,6.7K
daniel.labelle,Daniel LaBelle,27M,5.2M,816.8K,3.8K,8.4K
conangray,conangray,6.4M,3.9M,1.1M,7K,4.9K
spencer_serafica,Xspencer,13.6M,5.2M,924.3K,5.9K,4K
musikyotogsj,„ÅÜ„Åï„Å£„Åè„Åæ‚ô°Movie,1.2M,4.3M,192K,1.8K,55.9K
ryanbakery,ùôçùôÆùôñùô£ùòΩùôñùô†ùôöùôßùôÆ,2.9M,5.4M,548.2K,7.8K,7.7K
soyminisech,üêªüêªSECHITOüêªüêª,1.2M,6.5M,603.4K,2K,9.5K
katya.ross,Katya Ross,293.3K,2.8M,665.3K,5.7K,18.1K
vinnyguadagnino,vinnyguadagnino,3.1M,5.1M,629.3K,5.9K,7.2K
lelepons,Lele Pons,27.9M,12.2M,1M,1.5K,1.7K
mattsturniolo,Matt,3.2M,3.2M,812K,10.9K,4.6K
rayssabuq,Rayssa Buq,7.2M,4.3M,775.3K,7.9K,4.1K
charl1d4meli0,charlidamelio,64.6K,5.4M,804K,6.9K,1.7K
pkllipe,Pk,19M,4.8M,893.3K,3K,5.6K
selenagomez,Selena Gomez,43.2M,5.2M,804.9K,4.2K,4.5K
_.the.meme.hub._,RANDOM MEMES,2.3M,3.8M,787.7K,2.9K,9K
lexibrookerivera,Lexi Rivera,23.4M,7.6M,870.6K,3.1K,1.8K
bhadbhabie,bhadbhabie,6.3M,5.1M,899.5K,3K,4K
acpitos,acpitos on ig üì∏,489.6K,5.7M,858.8K,3.5K,3.1K
sofiacarson,SofiaCarson,6.2M,5.7M,903.5K,3.2K,2.9K
youngswagonoriginal,YoungSwagon,4.9M,5.1M,752.5K,1.4K,6.7K
montpantoja,Montpantoja,35.7M,6.8M,1M,2.5K,1.9K
azzyland,Azzyland,4.6M,5.3M,774.2K,7K,462
soysuco,soysuco,12.5M,5.4M,570.5K,8.7K,1.1K
bellapoarch,Bella Poarch,91.4M,7.4M,677.3K,4.9K,1.1K
max7424453118,Max Taylor,2.8M,3.5M,572.6K,5.2K,9.5K
jordanemel,Jordan e Mel,10.2M,4.4M,436.1K,3K,12.2K
hannahstocking,Hannah Stocking,26.5M,7.8M,840.8K,1.6K,2.5K
_xochitl.gomez,X√≥chitl G√≥mez,7.3M,7M,1.3M,26,2.9K
rubentuestaok,Ruben Tuesta,21.3M,5.5M,802.3K,1.6K,4.4K
charrliiieeee,Charlieee,5.1M,12M,470.2K,1.7K,2.9K
kallmekris,Kris HC,46.3M,5.4M,936.6K,3.4K,1.5K
dereklipp_,Derek Lipp,5.3M,3.1M,440.5K,2.5K,15.7K
jaxwritessongs,Jax,11.7M,4.1M,683.5K,5.4K,3.2K
calfreezy,Calfreezy,960.6K,6.5M,869.1K,1.7K,2.4K
loveofhuns,loveofhuns x,144.7K,3.5M,382.4K,8.3K,8.9K
lizzza,Liza Koshy,29.9M,4.9M,802.8K,2.2K,3.6K
victormelo,Victor Melo,21.9M,4.5M,736.7K,2.5K,4.2K
wisdm8,Wisdom Kaye,8.5M,4.6M,874.4K,3.5K,2K
qpark,Q Park,33.6M,5M,415.3K,3.9K,6.6K
_lilg4,LIL G,1.7M,4.4M,521.9K,5.5K,4K
dylanmulvaney,Dylan Mulvaney,7.3M,3.8M,730.8K,6.6K,1.2K
hafizmahamad,Hafiz Mahamad,1.1M,3M,325.1K,14.4K,7.5K
oficialmarcuseni,marcus_eni,4.5M,2.2M,198.6K,1.3K,46K
hola.margo,margo‚ú®,4.1M,6.7M,868.1K,2.4K,1.2K
dhar.mann,Dhar Mann,14.3M,4.2M,528.1K,6.9K,2.4K
mementoe,M√°t√© M√©h√©sz,3.6M,3.4M,588.5K,4.4K,5.8K
kaelimaee,kaeli mae,10.6M,5.5M,733.8K,1.5K,3.5K
paralympics,paralympics,2.5M,5.4M,467.8K,1.8K,6.3K
ynchq,–Ø–Ω—á–∏–∫,6.4M,4.9M,660.1K,2.7K,3.5K
connordewolfe,Connor DeWolfe,5.4M,3M,628.4K,1.6K,9K
awildani13,NgebisOnline,77.2K,3.7M,498.4K,5.9K,4.4K
paansih16,gustian_magrib,1.1M,2.9M,230.5K,1.2K,27.7K
otoha_danso,Èü≥ÁæΩ-otoha-,1.5M,3.4M,268K,9.5K,11.2K
ivanlomelitv,Iv√°n Lomeli Travel Blogger,44K,2.4M,188.1K,1.2K,39.6K
davidguetta,David Guetta,4.5M,4.4M,419.9K,4.1K,5.9K
quynh.aka,Qu·ª≥nh Aka ‚úÖ,1.9M,4.7M,333.2K,4.4K,7.3K
gianlucavacchi,Gianluca Vacchi,21.5M,7.7M,477.1K,2K,2.8K
ashhasacamera,ash,871.7K,3.4M,854.7K,4.1K,2K
abdelrhman_boda1,üíé‚òùÔ∏è ÿπ€Åÿ®ÿØÿßŸÑ€Åÿ±ÿ≠€ÅŸÖŸÜ_ÿßÿ≠€ÅŸÖÿØ‚òùÔ∏èüíé,2.8M,8.1M,337.4K,1.3K,5.1K
garett__nolan,garett nolan,13.4M,4.2M,337.1K,2.4K,10K
sturniolo.triplets,Sturniolo‚Äôs,4M,2.8M,654.2K,7.6K,2K
juliano,juliano,9.9M,6.8M,625.2K,3K,1K
jwaltonnn,·¥ä‚ö°Ô∏è,733.4K,1.6M,350.9K,27K,2.5K
zodiac.boyfriend,Zodiac Boyfriendü™êüîÆ,2.1M,2.7M,444.7K,5.2K,8.5K
faeleamendoim,Fael Alegria e Isaac Amendoim,3.6M,5.5M,321.6K,1.3K,7.9K
thallyssonsb,Thallysson Borges,10.7M,3M,450.1K,3.8K,8.1K
saramohannad_,Sara,7.9M,4.5M,364.9K,6.3K,3.1K
miakhalifa,Mia K.,35.7M,5.4M,610.3K,2.5K,2.2K
qamar_altaey,ùëÑùê¥ùëÄùê¥ùëÖ,3.8M,3M,298.1K,7K,9.9K
sofyank96,Sofyank96,2.6M,4.5M,565.1K,2.5K,3.4K
kooovryt,kika,2.5M,2.9M,516.2K,4K,6K
leesiyoung38,Ïù¥ÏãúÏòÅ,17.4M,3.5M,658.8K,3.8K,2.8K
jdpantoja,JD Pantoja,30.5M,4.6M,751.9K,3.5K,799
billlnai,nai,8.7M,3.4M,934.2K,2.6K,1.9K
itssassagurl,Sassa Gurl,6.6M,3.5M,565.3K,3.1K,4.1K
bargain.bethany,bargainbethany,124.8K,2.2M,208.7K,1.8K,28.3K
terryreloaded,Terry Reloaded,6.5M,2.3M,508.7K,2.7K,8.7K
gordonramsayofficial,Gordon Ramsay,33.8M,6.4M,488.1K,2.2K,2.1K
larissagloor,ùóüùóÆùóøùó∂ùòÄùòÄùóÆ ùóöùóπùóºùóºùóø,3.4M,3.1M,756.8K,3.9K,1.8K
aymanehamedi,Weld Mimoune,1.1M,3.4M,298.5K,2.8K,9.8K
luvadepedreiro,Iran Ferreira (Lai),19.4M,4.2M,571.7K,3.7K,1.7K
brookemonk_,Brooke Monk,23.6M,5.9M,678.9K,1.9K,1.4K
parnishacook,–ü–∞—Ä–¥–∞–µ–≤ –ê–ª–∏–±–µ–∫,615.7K,3.2M,183.7K,352,21.3K
yzn47,ÿπÿ≤Ÿäÿ≤ | Ÿäÿ≤ŸÜ,7M,7M,249.2K,1.2K,6.1K
pimrypie__tiktok,Pimrypie,3.3M,7.7M,466.3K,2.3K,1.2K
alanthedude,Alan,681.8K,3.7M,636K,3.5K,1.8K
daviddobrik,DAVID DOBRIK,26.2M,4.4M,440.6K,1.7K,4.6K
montanablack,GetOnMyLvL,2.5M,3.4M,447.5K,3.5K,4.4K
vhackerr,Vinnie,14.9M,3.3M,487.1K,4.6K,2.7K
cellat36,cellat36,8.6M,5.4M,307.5K,5.2K,1.9K
thebenjishow,benji,5.9M,3.3M,643.8K,2.2K,3.2K
seventeen17_official,SEVENTEEN,6M,1.9M,595.1K,5.3K,4.9K
thenataliahms,Natalia Hurtado de Mendoza,73.9K,3.5M,259.6K,928,11.8K
loganpaul,Logan Paul,15.9M,4.8M,976.9K,1.4K,1K
andyarthursmith,Andy Arthur Smith,2.2M,3.3M,564.7K,3.3K,2.8K
cauwave,cauwave,1.4M,2.6M,396.6K,2.7K,8.2K
nicollefigueroaa,Nicolle Figueroa,12.7M,5.5M,766.1K,1.8K,882
brookemonk_,Brooke Monk,23.6M,5.7M,620.8K,1.8K,1.3K
oldtimehawkey,Old Time Hawkey,6.4M,2.9M,445.5K,4.6K,4K
mix_151,ŸÖŸÉÿ≥ _Mix,3.4M,4.8M,481.9K,3.2K,1.4K
mmmjoemele,Joe Mele,22.8M,5.7M,848.4K,1.2K,1K
lordtrunks,Lord Trunks,2.2M,4.2M,386.9K,3K,3.6K
paytonking,Payton King,5.3M,2.6M,325K,4.8K,7.6K
squatch.and.sons_customs,Squatch and Sons Customs,213.6K,7.7M,471.3K,1.6K,1.2K
incorrectlyroce,Roce Ordo√±ez,8.4M,3.9M,678.6K,2.2K,1.7K
lifeofclare,Clare Thurkett,42.2K,3.1M,724.4K,1.2K,3.4K
patrickbarnes,Patrick Barnes,2.4M,2.2M,417.2K,3.9K,7.3K
the.historical,History Footage,201.5K,2.9M,346.2K,4.8K,5.1K
blamerobertjames,blamerobertjames,159.3K,3.5M,347.2K,4.4K,3.9K
pollerocho,pollerocho,3.5M,3.5M,567.2K,841,4.2K
ferchugimenez,Fernanda,7.7M,4.5M,825.6K,1.5K,1.1K
jaykindafunny8,Jaykindafunny,24.3M,4.8M,612.4K,1.3K,2K
kulinaria.recetas,AGUS LIPORACE,3.8M,3.4M,408.9K,443,6.4K
cocielo,J√∫lio Cocielo,5M,2.3M,675.9K,2K,4.1K
darylsabara,darylsabara,695.7K,3.6M,628.5K,1.9K,2.1K
livefromthepark,Ninjy Dave,369K,2.2M,130.2K,1K,30.6K
saraisthreads,Sarai Marie,1.6M,2.3M,462.7K,2.6K,6.1K
fhd.artz,ŸÅŸáÿØ ÿ¢ÿ±ÿ™ || Fahadüé®,2.2M,4.5M,288.8K,5.4K,1.4K
ig_alongwiranda,üïåüèÉ,880.7K,3.2M,129.4K,1.2K,20K
initiaraandini,tiara andini,5.1M,3.8M,419.6K,2.6K,3K
ndshvv,ndshvv,3.2M,3.8M,552.4K,3.4K,764
maiaknight,Maia Knight,8.8M,4.7M,720.5K,1.6K,960
homm9k,–•–û–ú–Ø–ö,44.4M,3.8M,489.8K,3.6K,1.1K
dobretwins,Lucas and Marcus,36.2M,4.8M,453.1K,2.8K,1.1K
jacksepticeye,Jacksepticeye,4.9M,2.3M,559.8K,3.8K,2.7K
franckfs,Franck Farf√°n FS,5.7M,4.9M,330.9K,1K,4.1K
iamdtg,DTG,1.2M,2.2M,251.9K,2.2K,12.9K
jihansalsabila44,Jihan Salsabila,1.6M,2.7M,366.4K,3.6K,4.5K
brentrivera,Brent Rivera,44.9M,4.9M,574.4K,2K,813
rayandmadalyn,Ray & Madalyn,1.1M,3.6M,496.1K,1.8K,2.6K
nessaabarrett,Ness,19.4M,4M,420.5K,2.7K,2K
leanadeeb,Leana Deeb,10.4M,3.9M,573.5K,1.3K,2.1K
just.hamilton,Just Hamilton,2.9M,2.3M,371.1K,1.9K,7K
wilmah10,wilmah10,6.3K,2.9M,208.2K,2.7K,9.9K
official_kep1er,Kep1er,4.8M,2.7M,518.5K,3.6K,1.7K
loicsuberville,Lo√Øc Suberville,2.4M,2.4M,458.1K,1.6K,5.2K
lana_mohd89,ùë≥ùë®ùëµùë® ü¶ã,5.7M,4.1M,293.4K,3.7K,2.6K
bigtugg,Tucker Lindgren,1.3M,2M,444K,3.1K,5.3K
jvke,JVKE,7.7M,3.7M,582.2K,2.1K,1.3K
bayashi.tiktok,„Éê„É§„Ç∑ü•ëBayashi,33.6M,4.4M,492K,2.6K,786
bilalahy,Bilal,3.5M,2.2M,492K,1.9K,4.7K
spicyycam_,Spice King,19.5M,4.2M,414.1K,2.8K,1.3K
duythamchannel,Duy Th·∫©m,4M,5M,492.5K,2.2K,708
fedevigevani,Fede Vigevani,14.6M,4M,457.2K,2.7K,1.1K
korectiion,Iam Cleo,390.5K,3M,376.8K,4.3K,1.7K
theovon,Theo Von,2.7M,3.1M,320.8K,1.1K,5.6K
dafnnejm,dafnne ‚òª,3.8M,3.7M,667.9K,1.4K,1.3K
boomershroomer,Ashley Enders,63.8K,4.1M,286.4K,2.4K,3.2K
abir.sag,Abir el saghir,14.7M,4.3M,302.8K,2.8K,2.3K
iamprisleeciyi,Priscilla ‚ó°Ãà,13.9K,2.3M,522.9K,1.2K,4.2K
mikaylahau,Mikaylah,4.9M,3.6M,313.5K,4.6K,1.1K
ranboolive,Ranboo,4.3M,1.8M,414.8K,7K,1.6K
fadiljaidi,Fadil Jaidi,8.7M,3.5M,390.7K,2.9K,1.8K
diiegospyckerzs,Diiego Spyckerzs,808.5K,2.8M,154.5K,3K,11.8K
sonyakisa8,Cat Sonya,17.4M,3.5M,287.7K,1K,5.3K
dbl_n,DBL N officiel üëëüî•üáπüá≥,2.2M,3.6M,392.9K,2.4K,2.1K
gavincasalegno,GavinCasalegno,3.2M,2.2M,394.7K,5.3K,1.9K
gordeewa__13,gordeewa__13 :>,12.7M,5.4M,293.7K,3.2K,722
guide_smis,‡πÑ‡∏Å‡∏Ñ‡πå '‡∏™‡∏°‡∏¥‡∏ó,275.7K,13.1M,299.2K,435,1.2K
lucasmonteirosg,Lucas Monteiro,486.9K,3.8M,469.4K,1.8K,1.7K
dasigantung,Dasi Gantung,5.9M,4.6M,648.5K,842,1.3K
vanessalopesr,Vanessa Lopes,25.2M,3.4M,327.8K,3.6K,1.9K
alexitoxedits,ALEX <3,2.9M,1.6M,467.1K,3.9K,4.4K
bretmanrock,bretmanrock,14.4M,2.9M,599.9K,2K,1.4K
brodywellmaker,Brody Wellmaker,21.6M,3M,430.3K,3.6K,1K
jamescharles,James Charles,36.9M,4.2M,356.4K,2.9K,1.1K
pablitocastilloo,pablitocastilloo,5.8M,2M,234.7K,1.8K,10.8K
jindaouis,Louisa Jindaoui,2M,3.4M,492.2K,1.6K,1.9K
readyfredi,fredi p√§rs,3.2M,1.6M,364K,3.8K,6.6K
ive.official,IVE.official,3M,2.4M,355.6K,4.1K,2.7K
hannahbahng,hannahbahng,2.4M,1.7M,479.4K,5.8K,1.3K
realnikocadoavocado,Nikocado Avocado,1.7M,3.4M,131K,6.9K,6K
_andrewcurtiss,Andrew Curtis,2.8M,2M,341.9K,5.5K,2.9K
datvilla94,üî•ƒê·∫°t Villaüî•,6.9M,2.7M,192K,8.6K,2.6K
santiperezvivas,Santi Perez,1.8M,2.5M,418.3K,1.8K,3.8K
sucss.s,A√ßucena Guirra,11.5M,3.2M,539.9K,2.5K,755
thalita_karter,thalitaKarter,3.9M,3.4M,200.2K,1.2K,6.9K
davidcstt_,David Costa,5.3M,3.5M,480.5K,1.9K,1.4K
strangehumano,nova,10.4M,3.8M,400.8K,2.4K,1.1K
gregisms,Gregisms‚Äô Neighborhood,2.4M,1.4M,235.8K,4.3K,12.3K
matheuscllaus,CLAUS,5.4M,2.7M,340.1K,2.3K,3.7K
halinhofficial,Ha Linh Official,2.7M,4.1M,346.5K,2.4K,1.4K
kaan.etm,Kaan,3.3M,1.6M,411.5K,3.4K,4.7K
nicocaponecomedy,nicocapone.comedy,23.1M,4.6M,317.3K,1.4K,2.3K
aitch12,Aitch,2M,3.5M,351.4K,2.1K,2.3K
kirbyquimado,Kirbyyy,187.9K,2.1M,274.9K,1.5K,7.6K
brycehall,Bryce Hall,22.7M,4.8M,497.8K,1.5K,711
straange_56guuuuy,aikihoruus?,5.9K,1.5M,276.6K,2.2K,10.8K
emillyvickof,Emilly Vick,12.1M,5.4M,444.8K,1.4K,799
datdo0803,ƒê·ªó ƒê·∫°t,7.6M,3.7M,368.2K,2.6K,1.1K
darianrojasc,D A R I A NR O J A S,30.7M,3.3M,542.4K,2.4K,440
nicolassturniolo,Nicolas Sturniolo,3.3M,2.5M,412.1K,4.4K,582
ricardogaeta_,Ricardo Gaeta,737.8K,2.1M,232K,4.9K,5.3K
giovannibonaccinii_,G I O V A N N Iü¶ã,858.3K,2.2M,317.6K,3K,4.1K
girlsgeneration.official,GirlsGeneration,783.5K,2.7M,355.2K,2.9K,2.4K
eupereiraoficial,Eu Pereira,7.8M,3.6M,395.7K,1.3K,2.1K
sabrinacarpenter,Sabrina Carpenter,12.6M,3.2M,346.5K,3.3K,1.2K
leymarbrown,Leymar Brown,633.9K,2M,251.5K,2.6K,7.1K
ferxxo444,Feid,3.5M,3.1M,381.7K,1.5K,2.6K
itsqcp,QCP,10.8M,3.9M,529.1K,1.4K,948
tooturnttony,Tooturnttony,17.7M,3.7M,355.5K,2.6K,1.1K
theodortytb,THEODORT,1.5M,2.6M,563.3K,2.5K,773
drewafualo,Drew Afualo,7.7M,2M,322.1K,6.5K,977
xoang_xa,maliha,917.6K,2.1M,475K,2.9K,1.8K
runabyte,Runa,949.4K,2.1M,573.2K,1.8K,2.2K
notshanebennett,Shane Bennett,2.6M,2.6M,589.4K,1.2K,1.9K
shadisrour,Shadi Srour,2.2M,3.2M,196.4K,2.3K,5.2K
ninonrambaud,Ninon Rambaud,123.5K,4.1M,441.5K,1.5K,1.1K
kyleechoi,Kylee Choi,19.8K,1.8M,483.5K,3K,2.3K
eljuandiduque,eljuandiduque,6.2M,1.8M,171.3K,1.5K,13.4K
minami.0819,ü¶ÑüíôMINAMIüíôü¶Ñ,1.6M,2M,187.1K,9.7K,2.4K
raredoodle,rare doodle,1.8M,3.2M,370.1K,2.4K,1.5K
benyaparimm,BEN YAPARIM ! üáπüá∑,519.3K,3.6M,186.1K,1.5K,5.2K
thehypehouse,The Hype House,21.1M,3.2M,441.7K,2.7K,523
livvy,Olivia Dunne,5.9M,3.1M,397.9K,2.3K,1.4K
choega,BEDDY,5.5M,2.1M,348.2K,4.1K,2K
cerenyaldz,Ceren Yaldƒ±z,9.4M,4.4M,184.1K,4.8K,712
miichaelltran,Michael,6.5M,2.5M,442.7K,2.3K,1.8K
dunkmvp,DunkMVP,3.5M,3.5M,405.7K,1.4K,1.8K
jimena.jimenezr,Jimena,24.2M,3.3M,521.1K,959,1.6K
tangozilla,TANGOZILLA,280K,2.2M,467.5K,1.3K,3K
melfouad,Melfouad,1.3M,2.4M,209.4K,2.1K,6.6K
t22felton,Tom Felton,10.1M,2.8M,303.5K,3.1K,2K
bu_kre_sabi,Bu Kre Sabi‚ÅâÔ∏è,472.4K,5.1M,255.2K,659,2.6K
lucasvarelaaaa,Lucas varela,2.9M,2M,282K,810,6.7K
mndiaye_97,mndiaye_97,15.1M,2.2M,443.7K,2.5K,1.9K
jessechrisss,Jess,3.5M,8.9M,471K,775,223
n.vv3,ŸÜÿßÿµÿ± || üá∏üá¶ alsubaie,4M,2.9M,149.6K,2.3K,7.4K
tammyhembrow,Tammy Hembrow,1.7M,3.8M,429.5K,1.3K,1.3K
jackjos3ph,Jack Joseph,3.2M,2.1M,323.1K,2.5K,3.8K
paulo_victormelo2,Paulo Victor Melo,2.2M,4.7M,447.9K,815,1.2K
phatnail,L√™ ƒê·∫°i Ph√°t ü•ë,1.4M,3.3M,333.9K,3.2K,583
straykids_japan,straykids_japan,8.1M,1M,344.9K,7.6K,3.9K
fwm.kalebb,Kaleb,1.6M,2M,306.4K,4.5K,2.3K
cookiepuentee,Cookie Puenteüç™,686.1K,1.4M,336.8K,1.8K,6.6K
andy.and.michelle,Andy & Michelle,5M,2.6M,336.3K,1.4K,3.4K
elpelaromerook,Gonzalo Romero,1.5M,1.4M,161.5K,696,17.2K
leaelui,Lea Elui,17.3M,3.9M,596.4K,654,1.1K
zeinabharake,Zeinab Harake,14.4M,3.5M,492.1K,1.7K,673
augustogimenez,AugustoGimenez,13.5M,4.1M,608.8K,1K,605
thefashioncouple,BUCKS&JANINA,3.6M,3.1M,189K,6.6K,303
ria_d3miri,ria_d3miri,3.1M,2.3M,270.9K,4.9K,1.5K
brittikitty,Brittany & Lily,13.5M,3.1M,433.3K,1.2K,1.7K
mieayamthebstt,Unaaüçú,16.2M,3.5M,275.5K,2.5K,1.5K
cryingben,benoftheyear,1.6M,2M,442K,3.7K,764
keniaos,KeniaOs,15.4M,2M,341.8K,4.1K,1.5K
okunonolife,nono,839.7K,3M,318.2K,1K,2.9K
camxnie,Cam & Nie,3.5M,1.9M,323.6K,1K,5.3K
loewhaley,Laura,2.7M,2.5M,211.2K,1K,6.1K
vicblends,VicBlends,13.2M,2.7M,523.9K,1.8K,836
meganfitton6,user3892932795857,8.7K,2M,315.3K,1.6K,4.4K
renpc_,‚ú®Ren PC‚ú®,4.8M,1.6M,339.3K,1.6K,5.3K
christophersturniolo,Christopher Sturniolo,2.7M,1.6M,361.2K,5K,1.3K
snoopdogg,Snoop Dogg,23.4M,3.7M,168.1K,2.7K,3.3K
mdmotivator,Zachery Dereniowski,10.7M,3M,424.9K,1.8K,1K
naimdarrechi,Naim DarrechiüèÜ,28.1M,2.3M,228.4K,1.1K,6K
iamsungstarwin,Sungstarwin,2.2M,4.7M,651.9K,653,532
kopke613,kopke613,4M,1.6M,222.1K,3.3K,6.9K
esen_alva,Esen,4.4M,1.6M,328.2K,1.1K,5.8K
grillervm,GrillerVM,3.1M,2.5M,371.2K,1.3K,2.6K
jerellware,jerell ware,95.8K,2.2M,433.9K,1.5K,2.3K
jimmydarts,Jimmy Darts,8.9M,2.6M,506K,2.1K,643
vienvibi_899,Vi√™n Vibi,7.5M,4M,375.8K,2K,394
noguidnce,NO GUIDNCE,2.2M,2.2M,430.6K,2.1K,1.8K
lachama4_ff,LA CHAMA ·¥∞,9.6M,2.7M,363K,3.4K,318
sonrixs_,Sonrixs,13.7M,4M,534.4K,1K,642
vincentgiganteee,Vincent Gigante,2.3M,2.1M,300.9K,1.6K,3.9K
jerofreixas,jerofreixas,1.4M,1.9M,184.9K,1.4K,8.7K
madamsoniia,Madam Sonia,3.6M,6.4M,474.6K,635,509
cznburak,cznburak,63.6M,4.6M,228.4K,2.3K,978
la.maraaa,LA MARA,7.3M,2.9M,376.9K,2.2K,904
louvoresgospelbr,louvoresgospelbr,1.3M,1.9M,221.3K,1.1K,6.9K
rucenuenda1,Ruce Nuenda,2.1M,3.3M,490.6K,1.5K,554
nourmar5,nourmar5,14.6M,1.8M,136.9K,4.8K,8.8K
bebopandbebe,BebopandBebe,750.4K,3.3M,127.2K,7.6K,354
daniimolalaa,Ladaniuu,499.9K,2.4M,586.5K,998,1.3K
jaimeonod,Telma,1.8M,2M,296.1K,3.8K,1.8K
starirawan,ssssttttaaaarrrr,550.3K,1.8M,177.3K,8.6K,1.8K
patriotickenny,patriotickenny,2.3M,2.1M,292.9K,2K,3.3K
xxlechuga,Daniel Lechuga,5.3M,2.2M,476.1K,1.2K,1.9K
manhtienkhoi_,M·∫°nh Ti·∫øn Kh√¥i üêØ,4.6M,3M,276.4K,2.6K,1.3K
itsjojosiwa,JoJo Siwa,43.5M,4.2M,422K,1.4K,399
ajkhiphop,kelil,36.5K,4.6M,670.6K,686,355
ustazebitlew,Ebit Lew,4.1M,1.9M,156.3K,6.3K,4.4K
cedricgrolet,Cedric Grolet,1.3M,3.3M,251.8K,1.1K,2.7K
danythegaggio,Daniele Cabras,3.2M,2M,217.2K,2.3K,5.2K
dylanpage.ning,Dylan Page,3.1M,1.6M,239.4K,5.4K,3K
mastermind_ph,Mastermind PH,2.1M,2.6M,273K,2.1K,2.3K
maluborgesm,MALU BORGES,2.9M,1.9M,280.4K,4.8K,1K
vito.video,Vito üåçüö¥‚Äç‚ôÇÔ∏è,1.9M,2.2M,340K,2K,2.2K
frnzlynfby,Feby,3.7M,1.9M,361K,2.6K,2K
carolvillanes,Carol Villanes,6.3M,2M,294.7K,4.8K,467
mariabecerra_22,Maria Becerra,8.3M,2.7M,388.3K,2.2K,712
onerepublic,OneRepublic,691.7K,2.8M,323K,955,2.5K
ngikuttrendaja,Ahmad Rizki,192.8K,3.7M,304.5K,1.5K,1.2K
flickerspark_,flickerspark_,1.2M,2.1M,516.8K,1.4K,1.5K
cvsthetico,cvstage,168.2K,2.3M,313.1K,2.5K,1.8K
yahia_x,Ÿäÿ≠ŸäŸâ ÿßŸÑÿ≤ÿπÿ®Ÿä,2.2M,4M,189.9K,1K,3.1K
jennialarcon_,Jenni Alarcon,3.1M,2M,348.4K,2.5K,1.9K
airiiqtieeee,inoue`,53.1K,1.8M,321.3K,2.7K,2.6K
officialsunnydaze,SUNNY DAZE,1.6M,3.1M,495.3K,844,1.2K
los_chicaneros,Los_chicaneros,3.7M,1.9M,218.2K,1.2K,6.1K
videoschapin,VideosChapin,56K,2.9M,78.8K,2.7K,10.6K
wuesilva,Wue Silva,13.1M,4.1M,283.4K,1.2K,1.4K
ladygaga,ladygaga,7.6M,1.9M,247.5K,4.4K,2K
cx_.q,ŸÖÿµÿ∑ŸÅŸâ ÿßŸÑÿ®ÿµÿ±ÿßŸàŸä 62,3.3M,3.1M,254K,2.3K,1.5K
mitsy270,mitsy,2.3M,1.9M,338.3K,2.7K,2.1K
ayesebastien,Sebastien,7.2M,2M,396.5K,2.1K,1.8K
karljacobs,Karl,11.2M,1.9M,486.5K,2.6K,563
liltjay,Lil Tjay,5.2M,1.9M,291.9K,3.9K,1.4K
irenehsuu,Irene,98.6K,1.4M,401.7K,1.3K,3.9K
doctormiguelpadilla,Doctor Miguel,5.9M,2.1M,321.7K,1.7K,2.6K
jacobday,Jacob Day,5.6M,1.8M,296.6K,4.4K,1K
louflores_,Lou flores,2.8M,2.2M,237.1K,842,4.7K
pakoyaso_,Pakoyaso,12.8M,3.2M,282.6K,1.2K,2K
ella.tchella,Tchella,2M,1.6M,381.6K,1.5K,3.4K
nashvibes,NashVibes Art,3.7M,4.4M,365.5K,1.3K,493
jamesdroz566,jamesdroz5661,103.4K,1.9M,155.4K,2.2K,7.4K
egyptianbeaman,egyptianbeaman,872.4K,2.2M,80.5K,1.7K,14.2K
mattiastanga,Mattia Stanga,2.7M,1.5M,213.4K,1.4K,7.4K
gorillaz,Gorillaz,2.3M,1.8M,340.9K,2.8K,1.7K
lonely.moods,:),354.5K,815.5K,214K,5.4K,10.6K
rayanfahmi,Rayoon,3.7M,2.9M,235.9K,2.8K,1.2K
melmaia,Mel Maia üçØ,11.8M,3.5M,473.9K,988,662
vietduongg_,Viet,161.2K,1.2M,129.7K,12.7K,4.8K
leen_mohd98,LEENüå∏,3.8M,2.9M,190.1K,2.7K,2.3K
jubiandxian,jubiandxian,5.7M,2.5M,396.2K,1.8K,934
adrianbliss,Adrian Bliss,7.3M,2.3M,413.3K,1.1K,1.7K
dxddy._.desi,Desiree Montoya‚ù§Ô∏è,2.9M,1.9M,250.8K,4.9K,764
frankielapenna,Frankie LaPenna,4.8M,2.7M,295.2K,1.4K,2K
xxxten1369,XXXTENTACION,3.7M,2.8M,335.1K,1K,1.8K
softbulletgun97,Tik Toker,1.3M,2.3M,188.3K,2.2K,4.1K
katiessigmond,katie sigmond,6.9M,2.9M,340K,1.1K,1.6K
nnatalieaguilar,natalie & the aguilars,4.9M,3.4M,558.8K,568,825
elchimbatv,EL CHIMBA,3.3M,3M,285.2K,773,2.4K
deiveleonardooficial,Deive Leonardo,6.1M,1.3M,139.3K,370,14.2K
vitoou,vito‚Ä¢_‚Ä¢,52.4K,1M,179.3K,3.3K,10.9K
twice_tiktok_official,TWICE,17.9M,1.3M,325.5K,3.7K,2.5K
christilukasiak0,Christilukasiak,2.3M,2.3M,369.3K,1.8K,1.2K
katiavlogss,KATIAVLOGSüêí,14.5M,3.4M,274.4K,2.6K,294
nhu_y1203,Nguy·ªÖn Ng·ªçc Nh∆∞ √ùüê∞,690.2K,2.6M,239.8K,4K,205
jidion,JiDion,4.2M,1.9M,412.5K,2K,1.3K
lifeofsal,Sal,614.3K,2.4M,166.2K,1.2K,5.4K
nikkietutorials,nikkietutorials,6.2M,3.2M,498K,1.1K,538
ivanovik.83,ivanovik.1983,172.7K,2.3M,91.5K,1.1K,11.1K
erictro,Eric Tro,4.5M,5.6M,547.4K,507,330
virginiafonseca,Virginia,34.1M,3M,410.9K,1.2K,961
paigetaylor.s,Paige Taylor,4.5M,2.6M,393.3K,1.9K,546
thecoreyb,Corey B,8.8M,1.5M,194.2K,755,8.3K
carolcastromx,Carol Castro,12.7M,3.4M,450K,1.3K,379
ianlucasok,Ian Lucas,4.5M,2.4M,262.9K,3.3K,830
voronina_valeria_,Valeria Voronina,2.3M,3.7M,460.4K,1.1K,334
pacodemiguel,Paco De Miguel,6.8M,1.5M,229.6K,1.9K,5.4K
joshrichards,Josh Richards,25.6M,2.7M,354K,1.9K,737
surasak1437,s ·¥ú  Ä ·¥Ä s ·¥Ä ·¥ã,1.1M,1.8M,188.5K,463,7K
com.yuta0305,„Äê„Ç≥„É†„Éâ„ÉÉ„Éà„Äë„ÇÜ„ÅÜ„Åü,1.2M,1.7M,225.6K,4.7K,1.9K
ayutingting,Ayu Ting Ting,7.2M,2.9M,239.2K,1.5K,2.1K
yahayraosorio,Yahayra Osorio,372.6K,2.2M,67.7K,1.1K,15.7K
tina_042,ùíØùíæùìÉùí∂,795K,1.8M,314K,2K,2.4K
abosaed49,ÿßÿ®Ÿà ÿ≥ÿπŸäÿØ,661.4K,2.1M,169.4K,3.1K,3.9K
theestallion,Megan Thee Stallion,12.2M,2.1M,277.2K,2.3K,2K
musdalifahbasrii,Musdalifah Basri,1.3M,2.2M,190.2K,3.4K,2.6K
haileybieber,Hailey Bieber,9.8M,3.5M,342.6K,1.2K,845
dialaaljazairi,dialaaljazairi,198.7K,4M,113.2K,3.1K,2.4K
chihuahuapeaches,Peaches The Chi,295.2K,1.5M,296.7K,2K,3.6K
brunocampos,Bruno Campos,5.2M,5.4M,360.6K,626,619
isaac.h.p.karaoke.backup,Isaac H.P Karaoke Backup,1.6M,1.3M,265.6K,3.2K,3.8K
rafaelsantos,Rafael Santos,18.5M,2.5M,398.2K,1.8K,645
happytummy_702,Suzy,731.3K,2.2M,396.7K,288,2.5K
gemelasabello2,Gemelas Abello,17.9M,5M,376.2K,478,813
douhalaribiii,Douha laribii,7.7M,4.1M,240.4K,1.6K,823
itzyofficial,ITZY,9.7M,1.7M,314.6K,3K,1.6K
twinkle.t1ts,rylee,803.5K,3.7M,281.5K,2K,302
murphslife,Aaron Murphy,5.7M,1.8M,279.5K,2.8K,2.1K
tai.tl2,tai_tl,832.3K,1.9M,316.9K,1.6K,2.5K
vibin.wit.tay,Tay,4.1M,1.5M,295.9K,1.2K,4.4K
leleburnier,LEL√ä BURNIER,2.4M,1.6M,387.6K,2.9K,910
ae_ay__99,ÿ£Ÿäÿ© ÿßŸÑÿ¥ŸÖÿ±ŸäüíôüêÜ,1.5M,3.2M,162K,1.3K,3.2K
maddzak,Maddzak,4.9M,3.3M,191K,3.5K,227
nianaguerrero,Niana Guerrero,33.2M,3.1M,358.5K,1.5K,684
cardncyn,Carddd,3.8M,3.9M,541.9K,801,318
soy_marcela4,Soy_marcela,4.5M,2.1M,336.6K,710,2.6K
cr.limit,YT- CR Limit,40.4K,2.8M,189.8K,2.4K,1.9K
logfive,Logan,2.5M,2.1M,313.5K,1.2K,2.3K
katie34556,katie65886,67.6K,2.2M,149.1K,7.1K,122
hesfinatia,PINATüçÖ|| IG: @hesfinatia,8.9M,4.6M,434K,772,377
samdabaddest,Samaria,312.4K,1.5M,369.8K,836,3.3K
palmertrolls,Ben Palmer,3.4M,2M,327.8K,884,2.7K
benorsini,Ben Orsini üëë,543.8K,2.2M,293.3K,2.8K,718
vzelivx,vzelivx,731.3K,2.1M,271.2K,2.6K,1.3K
cassy.legaspi,CASSY LEGASPI,5.8M,3.7M,369.7K,1K,590
kwo.owk,KWOOWK,2.6M,2M,268.2K,2K,2.2K
abbieherbert,AbbieHerbert,13.8M,3.7M,400.7K,917,581
lyricoo__, ü è Ä…™·¥Ñ·¥è·¥è,1.2M,1.3M,165.7K,1.7K,8.6K
mateus_hwang,Mateus Hwang,1.9M,1.9M,136.8K,5.8K,2.6K
bswagggy,shaggy,16.8K,1.2M,294.6K,1.3K,5.1K
talalionaire,ÿ∑ŸÑÿßŸÑŸäŸàŸÜŸäÿ±,905.6K,2.9M,195.1K,2K,1.8K
bigweirdworld,bigweirdworld,1.5M,1.1M,304.2K,2K,4.5K
yurielkysojeda,Yurielkys Ojeda üï∑,14.8M,2.2M,277.3K,1.3K,2.3K
cemresolmaz,cemre solmaz,10.4M,2M,137K,6.2K,1.7K
mrwhosetheboss,Arun Maini,1.5M,3.8M,447.5K,964,300
kjsmoothh,Kjsmoothh,2.5M,1.8M,254.4K,2.9K,1.8K
juaniquilador,JuanSGuarnizo,10.5M,2M,364.9K,1.8K,1.1K
itsmenicksmithy,Nick Smithyman ü§ì,7.9M,2.2M,305.5K,1.7K,1.4K
khalidzain124,ÿÆÿßŸÑÿØ ÿ≤ŸäŸÜ,1.7M,2.6M,223.9K,1.6K,2K
colewherld,colegonzales,5.3M,2.9M,277.1K,977,1.6K
000072mr,La beba,341.3K,2M,283.2K,1.2K,2.4K
ksi,KSI,9.8M,2.5M,178.6K,4.4K,178
alexojeda,Alex Ojeda üá≤üáΩ,8.1M,2.6M,272.6K,802,2.2K
j3ipy_,Jeipy,8.2M,1.7M,354.4K,2.3K,1.1K
louuuyoung,louuuyoung,709.7K,872.9K,137.9K,4.4K,12.6K
arafat.buffon,ü¶Öüåëÿπÿ±ŸÅÿßÿ™ ÿ®ŸàŸÅŸàŸÜüåëü¶Ö,1.4M,4.3M,246.7K,460,1.5K
reem_alsawas,ÿ±ŸäŸÖ ÿßŸÑÿ≥Ÿàÿßÿ≥,1.9M,3.9M,162.3K,1.1K,2.1K
ahmedksontini2,Ahmed Ksontini,643.3K,2.1M,77K,0,12.6K
mostafa.ashraf14,Mostafa Ashraf,1.7M,2.8M,268K,1.2K,1.5K
arigameplays,AriGameplays,23.2M,2.8M,320.7K,1.4K,867
bela,Bela,8.8M,2.7M,390.7K,936,982
senaitalo,italosenaoficial,2.6M,2.1M,198.8K,1.5K,3.3K
kozuehayashii,Kozue,7M,2.6M,466.2K,370,1.3K
elrodcontreras,RODü´†,41.6M,2M,254.5K,3.5K,413
kwechi_,Kwes,377.9K,1.6M,283.3K,1.5K,2.8K
5ifvi,ùôèùôÉùôÄ ùòøùòºùôçùôÜ ùôéùôÑùòøùôÄ,1.4M,2.4M,199K,410,3.7K
druskitv,DRUSKI,3.7M,1.3M,241K,1.3K,4.9K
dearra,De‚Äôarra Taylor,3.7M,2.5M,458.4K,792,923
briggi_bozzo,Briggitte Bozzo,23.9M,5.2M,361.9K,787,245
flavinhalouise,Flavinhalouise,12.2M,3.2M,167.7K,709,2.8K
pailita.k7k,Pailita,1.2M,1.6M,257.4K,2.7K,2.1K
itskingchris,KingChristian,17.2M,1.6M,299.7K,2.8K,1.3K
mikaylanogueira,Mikayla Nogueira,13.5M,2.2M,320.3K,2.3K,411
rdcworld1,Mark Phillips,3.1M,1M,227.6K,1.2K,6.7K
charlieputh,Charlie Puth,19M,2M,324.8K,1.9K,937
bikedasher,BikeDasher,4.3M,2.5M,398K,1.5K,407
jonata_26,Jonataü§©,5.9M,1.9M,319.6K,646,2.5K
devincaherly,Devin Caherly,8.5M,4M,444.9K,894,147
basementgang,Basement Gang,5.7M,1.4M,296K,1.5K,2.9K
soysaucer,fivar,1M,2M,272.8K,790,2.7K
abo.zizo,€©‚ô•€© ÿπÿßÿ¶ŸÑÿ© ÿßÿ®Ÿà ÿ≤Ÿäÿ≤Ÿà €©‚ô•€©,4.7M,3.7M,225.3K,723,1.5K
spriteder_spd,Prite Netijen Netirattanapaiboon,4.1M,3.6M,434.9K,845,334
ugolord,‚öñÔ∏è The TikTok Attorney ‚öñÔ∏è,6.3M,1.9M,186K,4.9K,369
iamkailan,KAILAN üíöüíõ,3.9M,2.4M,219.9K,1.3K,2.2K
lorengray,Loren Gray,54.6M,3.1M,358.7K,879,761
daniuniverse,Dani Universe,9.7M,3.1M,322K,956,867
ser_jay,Hello It‚Äôs me SerJay,5.3M,1.4M,226.2K,2.5K,3.5K
alexwaarren,Alex warren,15.5M,2.4M,419.8K,992,809
lkzinhu,LK,17.2M,2.6M,306.5K,998,1.3K
joaoferdnan,Jo√£o Ferdnan,8.1M,1.7M,173.5K,2.1K,4K
taossenpai,tao's senpai,635.7K,1.2M,219.6K,1.4K,5.3K
isaach.p,Isaac H.P,3.1M,1.4M,217.2K,3.5K,2.3K
maddy.leah3,Not me,246.2K,2M,196.3K,4.3K,237
jordanavucetic,jordanavucetic,2.8M,1.1M,224.2K,5.2K,2.1K
carlevellyn,Carla Evellyn,1.7M,2M,349.6K,2K,572
chinguamiga,Chingu Amiga,20.1M,2.5M,469.4K,1.1K,377
elpugaa,Puga,9.9M,2M,220.9K,341,3.7K
reymbayang,Rey,3.4M,1.3M,253K,2K,3.4K
tommyunold,Tommy,11.3M,2.3M,317.8K,2.2K,172
adamw,Adam W,16.9M,2.4M,266.3K,915,1.8K
anna..paull,Anna Paul,5.2M,2.4M,424.7K,1.3K,375
djadelilyes,Ilyes Djadel,390K,2.1M,311.8K,1.1K,1.6K
kronnozomberoficial,KronnoZomber,728.2K,1.4M,289.1K,2.1K,2.3K
outtpig,OuttPig,2.1M,1.5M,341K,1.6K,1.7K
rosssmith,Ross Smith,22.9M,1.5M,156.1K,927,6.3K
glencachysaraofficial,glenca chysara,8.1M,4.5M,212.3K,1.3K,522
pumatheweirdo,Cat Puma,2.4M,1.5M,183K,722,5.5K
twinsjne,Twinsjne üçì,1.1M,2.4M,486.9K,783,665
andcarli,Andcarli,11.7M,6.3M,212.2K,684,578
mclivinho,Mc Livinho,4M,2.2M,312.2K,1.4K,1K
mrmilothechonk,Erika and Milo,2.1M,1.5M,313.6K,1.3K,2.2K
kimmigneault,Kim Migneault,7.1M,3.1M,358.7K,539,971
unnecessaryinventions,Unnecessary Inventions,5.3M,2.4M,377.9K,1.4K,451
hunterprosper,Hunter Prosper,5.1M,1.7M,320.8K,1K,2.1K
bulochkapelmen,BULOCHKAüá®üá≥üá∫üá¶,3M,2.9M,184.8K,1.9K,1.2K
louka__m,Louka,2.5M,1.9M,354.3K,1.2K,1.4K
folz.aa,folz.a,1.2M,1.1M,192.3K,1.8K,6K
austinandlexi,‚ö°Ô∏èAustin & Lexi üí•,4M,1.8M,332.6K,1.1K,1.7K
lehvideira,Lethicia Videira,7.8M,903.6K,145.1K,1.7K,10.8K
nathalieholscher14,Nathalie Holscher,7.2M,3.5M,295.7K,936,647
sa_h700,ÿµÿßŸÑÿ≠ ÿßŸÑÿ≥ÿ®Ÿäÿ±‚ú®,417.4K,2M,201.7K,1.6K,2.5K
ayanakamachi,‰∏≠Áî∫Á∂æ,1.5M,3M,204.2K,1.1K,1.6K
sebasmorenooo,Sebastian Moreno üì∏,5.1M,3.3M,293.7K,1.4K,300
larrayeeee,LARRAY,26.3M,2M,351.2K,2K,364
le_general_416,tonton G üá´üá∑,2.3M,4.7M,214.7K,762,847
everett,Everett Noble,10M,1.9M,441.4K,768,1.2K
mcsilsiloficial,@mcsilsiloficial,7.2M,1.6M,123.3K,2.5K,6K
alezha.obukhov,–ê–ª–µ–∂–∞ –û–±—É—Ö–æ–≤,1.3M,2.6M,309.2K,1.1K,851
dermdoctor,DermDoctor | Dr. Shah,16.6M,3.5M,248.6K,1K,826
abbycasselberry,Abby Casselberry,1.9M,1.8M,348.3K,1K,1.6K
annapep3,ANNA,1M,1.7M,337.1K,1.3K,1.5K
fabru_blacutt,Fabru,18.1M,2.2M,242.9K,2.4K,562
songsforlittles,Ms Rachel,1.1M,2.6M,187.5K,1.6K,1.7K
marktilbury,Mark Tilbury - YouTuber & CEO,7.2M,2.3M,224.5K,620,2.4K
georainbolt,georainbolt,1.2M,1.5M,247.1K,2K,2.3K
navacarlosss,Carlos Navarro ü•á,131.3K,1.7M,98.8K,353,8.9K
lagranjadelborrego,La granja del borrego,11.1M,3M,349.9K,919,581
morimura,MoriMuraüçï,8.4M,1.5M,315.4K,1.5K,1.8K
oliviadearlove2,olivia-2002,17.4K,3M,175.9K,1.6K,1.3K
eltonjohn,Elton John,2.1M,2.8M,66.8K,2K,6.2K
conormaynard,Conor Maynard,6.8M,1.7M,160.4K,2.5K,3.1K
duncanyounot,Duncan Joseph,4.3M,1.4M,366.5K,1.3K,1.7K
jrizzyjeremy,jrizzyjeremy,69.1K,3.1M,225.2K,768,1.4K
ahmadmahroom99,Ahmad Mahroom,1.3M,3.3M,143.5K,923,2.3K
avascreams,ava,705K,1.2M,372.6K,2.8K,639
erijasjas,Jasel,597.9K,1.8M,385.5K,685,1.5K
artistliilz_,Liilz üöÄ,342.6K,1.6M,240K,2.9K,973
willian99music,·¥° 99 ·¥ç ‚òä,720.3K,1.6M,143.5K,188,6.3K
cauamacedo,Cau√£ Macedo,11.4M,1.6M,231K,2.9K,1.1K
sabrenorris,Sabre Norris,3.6M,1.8M,186.9K,4.1K,329
youshi_maru,„ÇÜ„ÅÜ„Åó„Åæ„Çã,83.6K,1.9M,145.2K,1.1K,4.4K
mdrr05,üëªŸÖÿ±ŸàÿßŸÜ Ÿ±ŸÑÿ®ÿ¢ÿ™ŸÜŸäüá©üáø,3M,3M,112.6K,1.4K,2.9K
deandreee,DeAndre,1.9M,1.9M,315.1K,826,1.6K
werenotreallystrangers,WNRS,4.4M,1.7M,329.5K,1.5K,1.2K
poki,pokimane,6.3M,2.3M,234.8K,2.1K,667
zbor0vska,Zborovska,1.1M,1.9M,288.9K,1.4K,1.3K
7odzz,7oda Einoüî•üòµ,4.5M,2.2M,162.7K,1.6K,2.5K
roportajadam,Mahsun Karaca,1.1M,2.1M,125.4K,411,5.1K
nadirdearabier,Nadirdearabier,1.1M,2.1M,185.1K,3K,694
aydenmekus,AYDEN MEKUS,11.5M,2.1M,204.7K,2.9K,491
thegnshow,The Graham Norton Show,1.7M,2.9M,287.8K,421,1.3K
ladydianka,LADY BUNNYüê∞,9.1M,1.5M,189.9K,3.4K,1.6K
skuratof,Anton Skuratov,623.2K,1.8M,151.3K,793,4.4K
saray.____,Saray,67.9K,1.4M,85.6K,2.7K,9.4K
kieram.litchfield,Kieram Litchfield,2.2M,1.4M,190.8K,2.6K,2.8K
laurence_benson,Laurence Benson,2.1M,2.9M,293K,1.4K,240
mohamed.hesham.official,ŸÖÿ≠ŸÖÿØ Ÿáÿ¥ÿßŸÖ,563.5K,1.5M,43.7K,380,21.1K
jaywheeler,Jay Wheeler,5.4M,1.6M,249.8K,856,2.7K
itsmatheuscosta,Matheus Costa,5M,1.4M,205.8K,2K,2.8K
soanhvadiephihi,Soanh x Di·ªáp,3.1M,3.1M,328.4K,864,533
roadrunnerpete,Pete 1k,72.2K,926.4K,151.6K,2K,8K
danivallem,Dani Valle,4.8M,1.2M,86.3K,963,12.4K
com.hyuga1117,„Äê„Ç≥„É†„Éâ„ÉÉ„Éà„Äë „Å≤„ÇÖ„ÅÜ„Åå,1.1M,1.5M,165.8K,4.7K,993
jasonderulo,Jason Derulo,53M,6.8M,186.9K,887,194
bilalfadilii,Bilal Fadili,1.3M,1.6M,190.5K,2K,2.6K
mandrake1984real,Giuseppe Mandrake Ninno,1.3M,1.4M,170.3K,891,4.9K
kerri_okie,Kerri,3.1M,1.1M,137.3K,4.8K,4.3K
championsleague,Champions League,16M,2.3M,293.5K,823,1.2K
luvjunior14,j ‚ù§Ô∏è,560.3K,1.6M,432.8K,1.4K,610
sallyalawady1,Sally Alawady,4.1M,3.4M,187.8K,1.7K,446
felipenpv,Felipe Paiva,3.5M,1.7M,259.6K,1.8K,1.3K
neitor.exe,Neitor,2.9M,2M,307.8K,1.6K,709
camilo,Camilo,28.8M,2.4M,275.9K,567,1.5K
thelondoncharles,London Charles,6M,1.7M,374.9K,1.4K,751
keemokazi,KEEMOKAZI,30.1M,2.8M,351.9K,1.1K,258
frantastiktok,Fran Carneros,1.5M,2.1M,458.4K,587,807
elissadeheart,Elissa DeHeart,2.3M,2M,292.4K,974,1.3K
soulzang,ŸÜÿ∏ÿßŸÖ,293.5K,796.6K,218.3K,2K,5.7K
sweeettails,SweeetTails,2.8M,1.4M,164.4K,828,5K
kane,kane,3.2M,1.8M,221.8K,1.3K,2K
dreamlifex0,üßö ‚ú®Dream life‚ú®,569.2K,1.2M,134.1K,5.3K,2.7K
omahi.tiktok,OMAHI,14.7M,3.5M,391.9K,777,188
tsezy,Tommy,4.8M,2M,253.5K,1.9K,735
albertinasacaca1,Albertina Sacaca Cal,6.5M,2.6M,241.7K,1.6K,505
brilionaire,model kentangüçü,4.4M,2.2M,229.4K,612,2K
wigofellas,wigofellas,34.4M,2.6M,158.9K,1.9K,1.2K
_.anime.edits_0,video,97K,1.7M,75.6K,1.5K,8.7K
christianfabiannn,Christian Fabian,13.4M,2.2M,311.9K,1.8K,130
gzfoodqood,Foodqood by Giallozafferano,18.5M,4.3M,213.3K,412,1K
thephysicshouse,The Physics House,592.4K,1.8M,307.7K,1.9K,507
benedictpolizzi,benedict polizzi,2M,3.6M,360.2K,230,775
main_and_aseel,Main & Aseel,1.3M,3M,178.1K,1.4K,1.1K
ahmedhelmy,Ahmed Helmy,7M,2.6M,184.4K,952,1.8K
analisseworld,Analisseworld,10.4M,1.9M,358.6K,652,1.3K
zoecolletti,Zoe Colletti,2.2M,1.8M,209.7K,3K,429
k4554ndr4,kassandra ü™ê,978K,1M,280.4K,1.8K,2.7K
kenchanachaisit,Ken Chanachai,405.8K,2M,184.6K,1.4K,2.1K
sidaivan,sdvn,89.8K,2.3M,149.9K,2.2K,1.5K
mrcaqui,Facundo Izquierdo,6.8M,978K,264.5K,833,4.1K
rubxnillo,Rubenillo,508.1K,3.8M,279K,282,925
com.yamato0515,„Äê„Ç≥„É†„Éâ„ÉÉ„Éà„Äë„ÇÑ„Åæ„Å®,1.9M,1.2M,176.4K,4.3K,1.7K
brentfordfc,Brentford FC,1.2M,1.9M,252.3K,1.6K,1.1K
dede_harlan_,Dede Harlan,295.6K,957.7K,228.1K,1.9K,3.8K
yurinya1128,„ÇÜ„Çä„Å´„ÇÉ,647.3K,2.3M,162.3K,2.5K,787
hannahkelekacook,Hannah & Regal,3.3M,1.7M,231.8K,2.7K,444
marilynl19,user1692838440296,995.2K,1.1M,162.3K,4.4K,2.5K
dixiedamelio,dixie,57.4M,2.4M,220.5K,1.9K,424
somi_official_,JEON SOMI,7M,1.5M,329.6K,2K,496
leanbeefpatty,Patty,5.8M,1.8M,277.7K,1.5K,1K
viki_tory88,–í–∏–∫–∞ & –ñ–µ–Ω—è,310.6K,1.9M,48.8K,208,12.9K
jakekrantz,Jake Krantz,2.2M,1.3M,261.9K,701,3K
momonatamada,Momona Tamada,4.4M,1.7M,359.3K,1.8K,279
bankkamo46_,bankkamo46_ü¶ñ,1.3M,1.5M,204.7K,1.1K,3K
surthycooks,Surthany hejeij,9.5M,2.5M,273.6K,1.4K,353
sofiaespanha,sofia espanha,4.6M,1.9M,284.8K,1.3K,996
waspycraft1,Waspycraft,194.4K,2.3M,188.6K,922,1.9K
michou_yt,Michou,7.4M,2.4M,266.7K,1.5K,341
rachsullivan__,Rach Sullivan,1.5M,2M,370.2K,739,927
piperrockelle,‚ô•Ô∏èPiper Rockelle‚ô†Ô∏è,10.4M,1.9M,158.4K,3.6K,543
elmercanchi,Que chimba sog,1.8M,1.9M,138.2K,691,3.9K
danielzencon,Daniel Zenteno Const,36.6K,1.2M,174.3K,1.1K,4.6K
dennysumargoreal,DENNY SUMARGO,3.3M,3.5M,187.2K,1.4K,386
jakeandrich,Jake Andrich / Jakipz,14.6M,2.1M,164.2K,1.6K,1.9K
andreluizframbach,Andr√© Luiz Frambach,1.4M,3.6M,216.2K,285,1.3K
6666pd,666,285.7K,924.5K,153.3K,422,7.9K
skaijackson,Skai Jackson ü•∞,20.1M,2.1M,441.5K,899,372
nickrowedder,Nicoly Amanda Rowedder,457.7K,1M,264.3K,1.7K,2.7K
esneni,Stefano Da Cunha,4.4M,1.4M,283.1K,2.5K,477
bellafoodie,Julie & Bella,4.2M,2.4M,313.7K,474,1.1K
guywithamoviecamera,reece,981.5K,1.4M,329K,1.1K,1.4K
chocopla_osada,„ÉÅ„Éß„Ç≥„É¨„Éº„Éà„Éó„É©„Éç„ÉÉ„ÉàÈï∑Áî∞(„Ç™„Çµ„ÉÄ),688.4K,2.3M,107.9K,977,3.8K
jaydafnwayda,JAYDA WAYDA,3.7M,1.6M,230.7K,1K,2.2K
abusrwal1996,abusrwal1996,1.4M,1.7M,190.6K,2.1K,1.4K
luara,Luara,22.6M,2.7M,185.9K,1.9K,403
cesarpantoja.n,Cesar Pantoja,14M,2.2M,347.1K,1.2K,283
islasvlogs_,Islas Vlogs,2.4M,2.9M,313.7K,842,416
postmalone,Post Malone,12.8M,1.9M,176K,1.4K,2K
ana_eusse,Ana Maria,13.3M,3M,392.2K,825,141
jeromepolin98,Jerome Polin,4.7M,1.5M,231.1K,2.4K,924
good.boy.ollie,Good Boy Ollie,4.2M,997.6K,250.3K,1.4K,3.2K
huntersolo,Hunter,2.4M,2.6M,399.4K,709,383
frigerrr,Friger,828.6K,1.3M,327.9K,1.1K,1.5K
trungruoi93,Trung Ru·ªìi,2.1M,3.7M,112.6K,639,2.1K
riyukabunga,RiyukaBunga,2.9M,1.9M,132.4K,2.3K,2.3K
nildachiaraviglio,NildaChiaraviglio,1M,1.5M,78.9K,478,9.4K
dina_kalanta,Dina_Kalanta,2.5M,3.1M,243.2K,1.2K,341
foodtimecali,Juan C | RECETAS FOODTIME,4.5M,1.5M,120.1K,250,6K
magalligjimenez,AvaSkyeStrong,952K,2.8M,136.9K,2.3K,717
braceletsbyk_,kp crafts sf,274.1K,1.7M,226.1K,1.1K,1.8K
manja_faiez,Manja,1.1M,2.3M,142.7K,1.1K,2.3K
firmanskd,ùôÜùôäùòæùòºùôâ,2.8M,1.4M,144.5K,397,5.1K
joe.bartolozzi,Joe Bartolozzi,19.8M,1.8M,293.3K,1.8K,379
itsniane,niane,1.7M,1.1M,128.9K,2K,5.9K
melon.n.finn,Melon and Finn,1.5M,1M,213.9K,1.9K,3.3K
khairulaming,Khairulaming,2M,1.7M,248.5K,1.2K,1.4K
dudamaryah,dudamaryah,5.9M,2M,284.6K,701,1.3K
andresgjohnson,Andres Johnson256,4.1M,1.1M,186.4K,935,4.5K
luongthingocha,Ng√¢n H√†üçå,6M,2.4M,286.1K,1.4K,226
gergomezzz,Ger Gomez,1.7M,1.1M,210.3K,1.3K,3.3K
dilanjaniyar_2,Emang Dilan namanya,2.6M,1.9M,228.5K,1.9K,603
raulbazanm,RAUL,5.7M,2.2M,184K,964,1.8K
tabithaswatosh,Tabs,12.5M,2.3M,362.2K,1.1K,203
iniganta,Ganta,986.8K,1.3M,160.7K,3.3K,1.9K
herranwalt,Herr Anwalt,5.7M,1.4M,177.7K,2.6K,1.8K
kreebinnear,Bree Kinnear,58.4K,1.8M,307.1K,819,1.2K
iamgeraldhuston,Gerald Huston,1.7M,1.5M,261.4K,1.3K,1.6K
loayramadan10,üî•ŸÑÿ§Ÿä ÿ±ŸÖÿ∂ÿßŸÜüî•,1.1M,2.8M,190.5K,760,1.3K
madisonbeer,Madison Beer,17.9M,1.2M,224.4K,2.7K,1.3K
...anddy_,ANDDY üê∫üåô,1.1M,937.1K,141.9K,7.3K,792
meqs,Minecraft,2.7M,3.1M,136K,1.1K,1.5K
charlotteless,charlotte,1.2M,2.4M,226.2K,544,1.5K
cristobalsoria,Crist√≥bal Soria,720.4K,1.1M,111.4K,3.8K,4.9K
hisoyvaleria,valeria üñ§,8.5M,1.4M,189K,1K,3K
bennyvelour,Benny Velour,326.6K,786.5K,184.4K,2.5K,4.9K
carlosferiag,Carlos Feria,40.1M,2.5M,203.7K,1.9K,163
pkcreedon,Pk514,200.4K,1.4M,235.4K,1.4K,1.8K
loganlisle,Logan Lisle,1.8M,1.7M,78.2K,315,7.8K
sunnyjutt1296,SunNy Jutt,2.2M,2M,204.5K,1.4K,1.2K
mealsbymitch,Mitch ü•ò,1M,1.7M,95.4K,951,5.4K
patinscascavel,Vanessa Patins,3.5M,878.3K,62.4K,295,18.8K
son_dan,Tr∆∞·ªùng S∆°n,1.4M,3.7M,185.1K,670,841
zane,zane,6.4M,2M,323.8K,775,863
didiwinx,Didi,5.2M,2M,289.7K,1.3K,575
rank.ali,ÿ±ŸÜŸÉ | Rnk,571.5K,3.1M,144.4K,1.7K,630
farhakhalidi,Farha Khalidi,1.7M,2.2M,202.6K,1.4K,880
oli_natu,Oli Natu,10.1M,2.2M,305.3K,749,777
fedez,fedez,5.8M,1.3M,229K,1.4K,2K
wei__official,ÏúÑÏïÑÏù¥(WEi),1.4M,959.5K,229.6K,2.8K,1.9K
xuxameneghel,Xuxa,684.5K,2.3M,177.2K,1.8K,716
jzgarcia,Jz Garcia,1.8M,969.2K,233.9K,1K,3.5K
blkk.1,BLK,470.5K,1.6M,237.2K,1.1K,1.6K
kodasteven,Stevenüáµüá∑,6M,1.5M,330.1K,1.3K,785
sampepper,Sam Pepper,4.2M,3.1M,227K,799,642
tifannylm,‚ö°Ô∏èTEF,8.7M,2.8M,355.6K,816,222
maithana9er,Maithana9er,2.1M,2.5M,96K,2.7K,1.7K
carrydisini,Carry Disini,3.3M,3.1M,274.1K,518,694
lockedinout,Lockedinout,5.1M,1.6M,210.4K,883,2.1K
pipepunk,Pipepunk,1.5M,951.4K,235.2K,962,3.5K
rapaellcug,jaeja,868.7K,923.1K,194.6K,2.4K,3.2K
michaeloftiktok,michaeloftiktok,1M,1.4M,186K,1.4K,2.5K
mrnigelng,Nigel Ng (Uncle Roger),5.3M,2.1M,251.2K,621,1.3K
6footkillaa,6footkillaa,952.7K,1.6M,257.2K,1.8K,588
haijoel,Haijoel,736.3K,4M,192.2K,1.1K,231
esnyrrr,Esnyr,5.4M,1.6M,289.6K,778,1.4K
hairupkneesdownh0e,Ava Soto .,222.4K,1.2M,170K,3.9K,946
morganveraa,Morgan Vera,5.7M,2M,238K,1K,1.1K
laurahfritz,laura & lena,2.7M,1.3M,254.1K,1.1K,1.9K
jdiasss_,Jo√£o Dias,7.8M,1.3M,265.4K,1.8K,1.2K
greatekyroga,u can call me sasha,1.1M,1.1M,320.3K,1.9K,1K
jomaryee,Jomar Yee,9M,2.3M,226.7K,1.3K,626
kikakiim,Kika Kim,31.7M,1.9M,220K,1.7K,646
pepperonimuffin,Kirsten Titus,7.9M,2.2M,433.5K,809,225
shayvise,Shayvise,3.6M,2.1M,412.8K,774,361
thejoeyswoll,Joey Swoll,5.3M,1.7M,240.8K,2.2K,322
kieuduylong16,Ki·ªÅu Duy Long ü¶ñ,2.4M,2.5M,243.9K,1.4K,220
sajads111,ÿ≥ÿ¨ÿßÿØ ÿ≥ŸÑŸÖÿßŸÜ,1.5M,2M,71.2K,1.1K,6K
bobbialthoff,Bobbi,3.5M,2.9M,207.4K,477,1.1K
josefineholum,Josefineüë©üèΩ‚Äç‚öïÔ∏è,1.1M,1.5M,221.3K,1.4K,1.5K
lyodrabeneran,Lyodra Ginting,1.6M,2.2M,172.5K,1.4K,1.1K
armando_netto,Armando Netto,4.8M,2.1M,226.1K,1.9K,225
rachaeloneil,Rachael O'Neil,1M,2M,144K,1.6K,1.8K
andremastijan,andre,786.7K,1.2M,111.5K,876,6.2K
pamibabyy,pami ‚ô°,7.2M,1.7M,288.9K,679,1.3K
xawado,ÿßŸàÿßÿØŸà / awado  ü¶é,1.2M,1.7M,137.5K,1.9K,2.3K
annafontanela,Anna Fontanela,3.9M,2.1M,313.4K,1.2K,292
aragonclyrics,@aragonclyrics,1.4M,1.3M,94.4K,96,7.7K
jadepicon,JADE PICON üå™,8.8M,2M,311.1K,967,567
simpforatispaul,Mikaela Testa,2.7M,2.1M,355.1K,853,423
legendasmania,Legendas Mania,767.9K,1.1M,135.1K,231,6.2K
philiptanasas,philiptanasas,9.3M,2.2M,252.9K,1.1K,610
zainah.mb,Zainah & Minnie,1.2M,1M,208.1K,1.1K,3.2K
ffrangomez,Fran G√≥mez,1.5M,1.4M,253.4K,349,2.3K
sibenitoo,SiBenitoo,5.6M,2.5M,185.7K,1.5K,598
benazelart,Ben Azelart,15.7M,2.6M,221.6K,1.2K,452
lgndfrvr,LGNDFRVR,17M,1.6M,200.5K,1.1K,1.8K
worldofxtra,Stan Fukase,806.2K,943.6K,290.6K,1.4K,2K
so.077,ÿ≥ŸàŸÖ,419.5K,1.8M,119.1K,2.7K,1.8K
ehgml._.16,ÍπÄÎèÑÏ∞å,400.7K,1.4M,273.5K,1.2K,1.3K
kelvinsabinoof,KelvinSabinoüåµ,1.5M,1M,156.8K,2.7K,3.2K
bradley.thor,Thoren Bradley,5.7M,1.3M,142.4K,1.8K,3.2K
anxietycouple,Anxiety couple,12.2M,2.4M,271K,893,526
alostrich,Matt Mitchell,1M,1.1M,134.3K,1K,5.1K
goharsguide,Gohar Khan,2.1M,2M,306K,724,779
viliacarl,Vilia Carl,4.1M,2.8M,243.1K,881,470
riaricis,Ria Ricis,28.6M,2.3M,242.7K,764,878
k0uvr,Kouvr,13.6M,2.7M,422.5K,562,240
jorgitoparrillero,Jorgito Parrillero,1.4M,1.5M,99.5K,333,6K
mell_editz0,È¨º ‚Ä¢ ùêÜ ùêé ùêâ ùêé,480.5K,1.5M,229.9K,1.5K,1.1K
homemdehonra,Homem De Honra,79.3K,944.3K,37.7K,710,25K
claragnds,Maria Clara Garcia,18.6M,1.9M,191.8K,1.8K,648
jakepaul,Jake Paul,16.7M,1.5M,156.4K,2.3K,1.6K
albert_cancook,albert_cancook,8.1M,2.4M,265.2K,829,624
soapinmymouthoncemore,tedwards,5.1K,943.3K,189.6K,1.9K,3.1K
cirowhites1.0,CiroWhites,2.3M,1.7M,301.7K,908,895
theshabakitchen,The Shaba Kitchen,2.1M,1.3M,114.1K,1.8K,4.3K
rubiaramallho,Rubia Ramallho,2.7M,2.1M,156.4K,613,2.1K
bessan_esmail,ÿ®Ÿäÿ≥ÿßŸÜ ÿßÿ≥ŸÖÿßÿπŸäŸÑ - Bessan Ismail,11.3M,2.1M,160.5K,1.4K,1.3K
ypk.raye,ypk.raye,4M,1.8M,332.5K,890,642
edlyninbatangas,Boss Edlyn,925K,2.3M,175K,558,1.7K
armandogreiser,Armando Greiser,52.4K,621.4K,112.5K,1.3K,11.4K
internet.elise,elise,522.9K,926.9K,206.5K,597,4K
ikercasillas,Iker Casillas,2.7M,1.6M,191.8K,2.1K,783
rizwanfadilah.a.s,Njan üôà,1.6M,1M,205.2K,2.2K,2.1K
coleandersonj,Cole Anderson James,1.8M,1.4M,262.1K,1.1K,1.2K
moneybagyo85,YouTube king von 1,55.1K,4.4M,216.1K,680,244
luisonfelix2,Luis Felix,395.4K,2.3M,99.5K,1.1K,2.8K
davidgetial,deivis,14.8M,1.9M,322.5K,1.1K,291
jezzzini,JEZZINI,2.5M,856.4K,239K,1.1K,3.2K
sherinicolee,sheri,14.3M,2.8M,263.2K,1.1K,103
fujiiian,Fuji,16.3M,2.2M,221.6K,1.1K,681
anardreams,ANAR DREAMS üíéüí∞,15.9M,3M,131.1K,1.9K,376
1_alkaisr_1,üî±üåπÿßŸÑŸÇŸäÿµÿ±üåπüî±,12.1M,1.9M,182.1K,690,1.8K
joslum,Jos√© L,13.4M,2.3M,364.9K,779,252
erabii,Mohanaderabii,1.4M,2.1M,132.8K,1.4K,1.7K
ycn.benz,üëëùñÑùï¨ùïÆùï¥ùïπùï∞üëë,132.1K,1.3M,44K,849,14.8K
conradovillagra,·¥Ñ·¥è…¥ Ä·¥Ä,10.9M,3.2M,260.4K,864,167
haniaheheofficiall,Hania Aamir,1.3M,2M,190.9K,1.8K,432
julesleblanc,jules,18.8M,2.2M,322.5K,952,270
real_animasinopal,Animasinopal,1.8M,2.9M,277.7K,451,619
vivinovikaa,Viviüß∏,999.1K,1.6M,197.9K,1.7K,945
erikatitus,Erika,3.3M,1.6M,329.7K,1.1K,525
_amanndaraujo,Amanda Ara√∫jo,4.3M,3.5M,172.6K,997,400
tuankiet.2000,Ki·ªát H√† T·ªãnh,4.6M,2.9M,216.5K,1.1K,268
madelineargy,madz,2.3M,1.5M,337.7K,1.1K,581
melon.228,Melon n√® !,1.9M,2.4M,185.6K,1K,868
joelsvnny,Joel Sunny,1.4M,1.1M,208.3K,2.3K,1.3K
theandrewschulz,Andrew Schulz,4.1M,1.4M,192.9K,613,2.6K
littlebubbychild,Little Bubby Child,356.2K,853.5K,65.5K,1.5K,13.4K
jeonifty,üê∞,250K,800.4K,235.7K,1.2K,3.2K
annaxsitar,anna x,12M,2.6M,372.8K,417,442
agustinlocutor,agustinlocutor,1.8M,1.6M,100K,986,4.2K
meosimmyyt,M√®o Simmy,4.6M,1.1M,137.1K,4.7K,626
bryceheemjames,Bryceüòà,834.6K,1.4M,237.6K,1.8K,688
c4tluvr666,Kennedy Walsh,2.6M,1.6M,312.6K,934,765
losariasbrothers,Los Arias,1.6M,1.6M,241.4K,476,1.6K
stainedhands,Devyn,1.6M,1.6M,335.3K,359,1.2K
romanlolo,Roman,2.6M,1.9M,170.4K,2K,579
slayeas,L√©a Martinez,3.9M,1.8M,239.7K,837,1.1K
mo_vlogs,movlogs,3.3M,4.9M,189.6K,577,300
volvydooya,ÊüäVolvy,1.3M,1.1M,233.1K,1.2K,2K
simoneberlini,SIMONE BERLINI,6.1M,1.6M,259.8K,868,1.1K
aileenchristineee,Aileenchristineee,5.8M,1.4M,224.1K,681,1.9K
funny_v.i.p,funny_v.i.p,9.5M,1.6M,196.5K,476,2.1K
barbaracoura,B√°rbara Coura,9.5M,1.4M,295.7K,1K,922
nada_m7amed,ÿØŸàÿØÿßü¶πüèªü§ç,6.4M,1.8M,190.8K,812,1.5K
yesimresmi1,~YE≈ûƒ∞M,17.1M,3.5M,122.5K,1.1K,765
hjevelyn,Evelyn Ha,2.8M,1.1M,245.9K,2.4K,661
wubzzy69,William,1.5M,911.9K,194.8K,1.7K,2.7K
onlyjayus,actuallyitsbella,18.2M,1.6M,237.4K,1.6K,503
nyx.lynnx,Nyx,202.6K,1.6M,155.5K,1.8K,1.4K
dhddecor,Design House Decor,76.5K,1.1M,141.1K,574,4.4K
shoelover99,ophelia ü¶ã,8.9M,1M,169.2K,4.2K,481
alzoubinadia,Nadia Al-zou'bi,5.5M,1.5M,75.9K,738,6.2K
emilwarren1,Emil Warren,851.5K,1.2M,211.3K,2.6K,617
clmnsbrock,CLMNS BROCK,1.6M,1.4M,152.8K,532,3.3K
alxjames,Alx James,2.2M,896.7K,152.8K,899,4.8K
tanamongeaulol,Tana Mongeau,7.4M,2.1M,234.5K,1.2K,412
cassholland,Cass Holland,1.9M,1.9M,287.7K,856,571
arfaytb,ARFAYTB,372.7K,894.1K,108.7K,456,7.6K
britneyspears,Britney Spears,7.1M,1.3M,107.8K,3.5K,2.3K
h2balla,Hunter & Frank,3.2M,2M,234.2K,1.4K,274
elalfaeljeferd,ELALFAELJEFERD,1.3M,1.9M,198.6K,639,1.4K
adamsheey,Adam Shi,5.3M,1.2M,235.9K,845,1.9K
maxthemeatguy,Max The Meat Guy,4.9M,2.1M,273.1K,622,720
iamauroramusic,AURORA,4M,1.6M,216.2K,1.6K,659
haritsuuu,„Éè„É™„ÉÑüåøÊ•µ,1.9M,1.8M,92.7K,2.3K,2.5K
vidhia_r,üêáVidhi_Rüêá,7.2M,1.1M,151.5K,2.9K,1.7K
t_400,ÿ¨ŸàŸÇŸäüíö,3.8M,1.5M,219.3K,1.3K,982
gabrielabee,GABI BEE,10M,1.2M,239.1K,2.2K,432
fyp,jack neel,8.6M,1.3M,245.4K,1.9K,535
dangthuhaf,ƒê·∫∑ng Thu H√†,980.5K,2.5M,300.4K,672,341
miguelito_peru,Miguel Alessandro,1.7M,1.8M,113.9K,1K,2.8K
mesitaaa,Mesita,329.9K,1.6M,326.8K,611,886
munir.107,Munir | 107 Deportes,752.5K,1.2M,88.4K,371,6.7K
plethoraklaus,grace‚òïÔ∏éÔ∏é,68.2K,730.3K,179.2K,3.9K,1.9K
alexandramadison_,Alex and Jon,1.3M,971.2K,135K,552,5.2K
playboyjuju,Playboyjuju,358.3K,1.7M,120.1K,2.4K,1.3K
beamngshorts,Beamng Shorts,2.8M,2.9M,158.9K,1K,630
susymourizz,Susy Mourizüå∑,8.4M,1.8M,212.2K,1.5K,470
themerkins,THE MERKINS,631.9K,600.1K,150.9K,1.4K,6.8K
carloandsarah,carloandsarah,4M,2.1M,219.6K,695,924
paupelaez_, ú·¥Ä…¥·¥á·¥ç…™ è·¥Ä,6.6M,1.2M,257.6K,2.1K,336
okichloeo,chloeo,3.7M,1.4M,188.2K,1.9K,962
mrs.wahlberg,Jenny McCarthy,1.9M,1.2M,147.8K,3.2K,986
apinyabunying,Apinya Bunying,215.6K,1.5M,204.1K,1.2K,1.3K
imanthonyvargas,Anthony Vargas,6.6M,1.8M,292.1K,1.2K,247
creatingwonders,Jesse J. Pedigo,11.6M,752.9K,96.3K,1.4K,8.8K
nalgalia.g,natiüëΩ,13.9M,1.6M,182.6K,449,2.2K
zeinazeee,Zeina Zee,3.8M,2.2M,185.6K,820,990
notmarkharris,Mark,56.7K,754.3K,192.5K,1.7K,3.3K
boywithuke,boywithuke,5.8M,1.6M,242.3K,1.6K,306
lilyxgarcia,Lily Garcia,12.3M,1.7M,248.5K,972,760
rose.friederike,ROSE,3.9M,3.1M,123.9K,974,930
kaylamalecc,kayla,8.3M,1.7M,277.3K,1.4K,128
theonlycb3,Charles Brockman III,6M,1M,235.1K,2.1K,1K
carloscastroes,Carlos Castro,12.5M,1.6M,166.5K,285,2.5K
hf37777,ŸÜÿ¨ŸÖ ÿßŸÑÿ´ÿ±Ÿäÿßÿ°‚≠êH,455.3K,1.1M,17.6K,5.8K,31.9K
jfkexplainsjokes,JFK üíÄ,34.1K,888.8K,181.6K,3.4K,1.1K
johnmicheal1996,Ricky & The Boss,4.3M,930.6K,109.5K,784,6.3K
celinaspookyboo,Celina Myers,26M,1.6M,246.7K,1.2K,625
yg_treasure_tiktok,yg_treasure_official,4.4M,830.5K,216.9K,2.2K,1.8K
0808sakura,üå∏Ê°úüå∏,1.6M,1.2M,144.7K,2.7K,1.5K
danethegreatt,Dane Lindfors,2.5M,1.3M,109.6K,896,4.3K
thedonato,thedonato,8.1M,1.3M,152.8K,3.5K,92
afrae.es,Afraa,6.6M,2.7M,185.7K,594,860
rifirdus,RIFIRDUS,2.1M,2.1M,158.9K,845,1.3K
lilmabuu,Lil Mabu,958.1K,2M,206.9K,1.2K,504
nadaahmed__1,ÿßŸÖ ÿÆÿØŸàÿØ  ŸÅÿ±ÿßŸàŸÑÿ©üòåüçì,907.4K,2.2M,150.1K,907,1.2K
maxtaylorlifts,Max Taylor,8.9M,1.3M,231.2K,1.2K,1.2K
daddyyankee,daddyyankee,12.1M,1.2M,197.8K,1.8K,1.2K
imchef7,Heinz Wuth - Ciencia y Cocina,1.3M,1.3M,189.3K,530,2.5K
acdc,AC/DC,394.2K,1.1M,182.2K,879,2.6K
subarumotorsportsusa,Subaru Motorsports USA,199.9K,1M,161.9K,840,3.4K
in_the_nic_of_time,Nic Suarez,6.3M,2.4M,263.5K,752,362
its.michhh,Michel Chavez,31.7M,1.9M,260.4K,1.2K,218
alwanr__,AlwanRK,6.9M,2.5M,237K,630,558
hieubuiba,B√πi B√° Hi·∫øu,2.3M,2.8M,260.6K,796,185
atom221220,üí¶ATOMüê¶,2.8M,1.3M,241.8K,1.4K,821
cedriklorenzen,Cedrik Lorenzen,2.9M,1.1M,115.3K,2.3K,3.2K
aureliehermansyahatta,Aurelie Hermansyah,8.7M,2.1M,187.4K,989,779
abopermak,abopermak,73K,2.3M,69.7K,2.6K,1.7K
therealdrmiami,Dr. Miami,1.8M,1.3M,270.6K,681,1.3K
47bato,Batu FuRkan,20.6K,1.3M,172.5K,1.1K,2.1K
priimoraa,Prii Moraa,16.1M,2M,345.5K,293,726
dylanhoogerwerf,dylan hoogerwerf,2.2M,2.3M,271.4K,779,318
reesewitherspoon,Reese Witherspoon,8.5M,1.5M,147.9K,2.3K,878
olisboa,LISBOA,3.3M,1.6M,262.9K,601,1.1K
altarvision,Rowan,167K,1.1M,268.1K,1.1K,1.2K
jakehunterofficial,Jake hunter,3.6M,2M,127.8K,2.4K,353
huddy,Huddy,32.2M,2M,147.9K,1.8K,529
ikerlafuente,Iker Lafuente ü´ß,153.5K,1M,162.5K,2.9K,1.1K
niallmacmillan,Niall MacMillan,5M,1.5M,123.2K,973,2.7K
nhabebap,üåΩ NH√É B√â B·∫ÆP üåΩ,2.3M,2.5M,267.8K,689,319
elecherlee,Elecher Lee,135.9K,1.5M,138.3K,2.7K,632
summerhays.bros,The Summerhays Bros,793.1K,1.3M,188.3K,539,2.2K
amxnahali,Aminah,63.2K,1M,178.2K,2.3K,1.4K
dudeperfect,Dude Perfect,16.7M,2.3M,327.4K,469,416
j0a0zinh0,jo√£ozinho,6.4M,1.1M,203.9K,1.1K,1.9K
tonystatovci,TONY STATOVCI,2.4M,991.7K,224.5K,889,2.1K
sanjosejules,Julie Anne San Jose,2M,2.3M,274.5K,566,486
zanfilms,Zan Films,1.9M,2.7M,98.7K,1.2K,1.3K
melch.cooks,melch.cooks,121.6K,1.6M,156.4K,2K,729
sweizayne,Iana McCalebb,1.7M,907.7K,164.4K,1.9K,2.5K
taetoowavy,taetoowavy,8M,873K,171.3K,1.9K,2.4K
a.l.capone,üíâÿ∑ÿ®Ÿäÿ® ÿßŸÑŸÇŸÑÿ®üíî,75.9K,863K,34.5K,629,21.3K
chris,Chris Olsen,8.1M,1.8M,368K,559,424
lance210,Lance Stewart,22.3M,2.3M,218.4K,535,784
mozamir,Amir,2.1M,1.4M,175.9K,1.8K,869
abdullah_eltourky,Eltourky üëë,7.3M,1.8M,200.5K,824,968
fionntime,FionnTime,2.6M,910.2K,210.3K,1.4K,2K
ngoc.matcha,Ng·ªçc Matcha üíö,4.1M,1.1M,150K,3.3K,617
posterised,Posterised,5.5M,1.5M,199.7K,715,1.4K
texassbitty,Texassbitty,142K,1.1M,126.1K,918,3.7K
ethankleinh3,Ethan Klein,1.9M,970.5K,136.6K,3K,1.9K
emrata,Emrata,1.6M,2M,186.8K,965,752
mahmooud_shaar,ÿßÿ®Ÿà ÿπÿ±ÿ® üõëüé¨,1.5M,3M,100.2K,941,1.2K
anyaischuk,Anya Ischuk,11.8M,1.9M,219.3K,877,692
.02h.88m,CALL ME LUCAS,1.2M,917.8K,172.6K,1.6K,2.4K
thiennhan5272,Thi·ªán Nh√¢n,4.1M,2.9M,216.8K,712,295
elchaparrito951,el chuacheneguer,6.1M,1.3M,49.5K,525,9.3K
angryreactions,Oneya D‚ÄôAmelio,26.6M,1.5M,257.1K,1.3K,376
thereallifeguys,The Real Life Guys,474K,2.3M,216.1K,639,626
aspenackley,Sabrina & Andrew,2.2M,1.3M,192.1K,598,1.9K
gutierrezcastro,Gutierrez Castro,14.2M,1.1M,147.9K,894,3K
joelbergs,JoelBergs,11.4M,1.9M,317.5K,511,528
ragnarlebretonofficiel,Ragnar Le Breton officiel,383.4K,1.5M,135.4K,400,2.7K
cowboyjess,cowboyjess,320K,1.6M,315.9K,719,509
busheadoph,Busheado,14.3M,3.2M,209.9K,709,215
ryansunandar,Ujang SGNüí∞,4.8M,873.2K,85.7K,5.4K,2.9K
nathaliavalente,Nathalia,13.6M,2.3M,242.9K,731,375
mohaimen.alaa,ŸÖŸáŸäŸÖŸÜ ÿπŸÑÿßÿ°,4.1M,1.2M,171.2K,1.9K,1.2K
itsmenicksmithy2,Nick Smithyman üòé,12.6M,1.7M,208.6K,982,806
noeldeyzel_bodybuilder,Noel Deyzelüáøüá¶,5.3M,1.4M,228.2K,1K,885
_liltam,tamz,497.3K,2.2M,281.6K,370,623
mak.beh,BEH,861K,2.6M,233.2K,676,336
rajaabelmir,Belmir Rajaa,1.1M,1.4M,133.8K,1.1K,2.3K
ditanganu,DitaKerangüåä,7.7M,2.4M,211.4K,846,363
kinosgina,KINOSGINA,1.7M,1.6M,87.5K,2.8K,1.8K
texasbushman,Texas BUSHMAN,2.1M,1.2M,197K,611,2K
notorious_foodie,Notorious Foodie,1.5M,1.7M,177.7K,528,1.5K
10july__,ùë∫ùíÇùíÖùíîùíÇùíîùíîùíî ‚ù§Ô∏è‚Äçüî•,1.1M,1M,123.1K,672,4.3K
lamminhduc2404,ü¶ãAƒêü¶ã,130.2K,2.3M,88.6K,2.3K,686
papavince.davao,PapaVinceDavao,599.9K,899.6K,116.1K,2.8K,3K
namyulenka,Namy,6.9M,1.5M,229.9K,1.2K,654
bankrolldyl,BankrollDylüí∏,5M,1.1M,226.9K,1.2K,1.2K
interesting.thingsz,News For You üåç,4.1M,2.4M,186K,991,357
psg,psg,30.1M,1.7M,177.6K,1.4K,576
elo_os,Eloisa Os,2.4M,1.6M,276.9K,716,637
zenitfc,FC Zenit,4M,1.9M,221.5K,1K,378
lauralove5514,LauraLove,7.6M,1.5M,230.2K,1.1K,705
rbplaying,RB playing,4.9M,1.4M,100.2K,675,3.6K
manutd,Manchester United,17.1M,1.6M,188.7K,1.5K,519
amika0429.14,„ÅÇ„Åø„Åãü¶Ñ‚ú®@„Éï„Ç©„Éº„Ç®„Ç§„Éà,1.2M,1.3M,96.8K,3.2K,1.5K
chikn.nuggit,Chikn Nuggit,4.7M,948.5K,146.9K,3.2K,1.1K
aidanmrz,Aidan Mirza,1.1M,2.5M,157.8K,991,512
shehabeldin100,Shehabeldin,6.9M,1.4M,141K,1.6K,1.4K
mrchiquitolina,Nicolino,269.2K,805.2K,163.6K,487,4K
nacha_acashore,Michelson,1.2M,2.2M,231.3K,434,743
melanypalacioss,Melanyü•Ä,5.2M,1.6M,352.5K,909,137
fortcraft354,Fortcraft354,189.2K,1.4M,156.8K,2.6K,70
davidspade,DavidSpade,4.5M,1.1M,158.6K,1.5K,1.8K
monika.kociolek,Monika Kocio≈Çek,2.8M,1.1M,170.4K,2.5K,614
yayisrenteria,Yayis Renteria,339.9K,1.9M,133.6K,382,1.9K
fabirommel,Fabi Rommel,409.7K,1M,105.8K,573,4.9K
juanito_pochi,JUANITOüî•üö∂,827.2K,2.1M,191.3K,671,781
brandonspam_,Brandon Conner,8.5M,1.5M,236.5K,1.4K,220
macy.blackwell,macy.blackwell,1.2M,1.1M,104.4K,382,4.7K
calebrownn,Cale Brown,5.5M,834.6K,148.2K,1.9K,2.8K
brendadialoy,Brenda Dialoy,371.9K,1.2M,187.5K,626,2K
jujufitcats,Juju Fitcats,4.3M,2.2M,280.8K,380,558
xoteam,XO Team,37.8M,2.5M,180.2K,859,450
jass_mcg,jass_mcg,52.2K,503.8K,116K,8.1K,1.8K